abba|babba
1000ccturbo|1000ccturbo
1000miglia19271933volume1|1000miglia
1869historyexperienceparti|1869
1943thebattleofmidway|1943
1stdivisionmanager|1stdivisionmanager
20000leaguesunderthesea|20000leaguesunderthesea
3001oconnorsfight|3001oconnorsfight
3dconstructionkit|3dconstructionkit
3dgalax|3dgalax
3dpool|3dpool
3dworldsoccer|3dworldsoccer
3dworldtennis|3dworldtennis
4dsportsboxing|4dsportsboxing
4dsportsdrivingmastertracksi|4dsportsdrivingmastertracks
4dsportsdriving|4dsportsdriving
4thinches|4thinches
4x4offroadracing|4x4offroadracing
5thgear|5thgear
688attacksub|688attacksub
7colors|7colors
9lives|9lives
a10tankkiller|a10tankkiller
aaargh|aaargh
abandonedplaces2|abandonedplaces2
abandonedplacesatimeforheroes|abandonedplaces
abcmondaynightfootball|abcmondaynightfootball
abracadabra|abracadabra
academytaucetiii|academy
aceball|aceball
actionfighter|actionfighter
addamsfamily|addamsfamily
adrenalynn|adrenalynn
adsadvanceddestroyersimulator|advanceddestroyersimulator
advanceddungeonsdragonschampionsofkrynnadragonlancefantasyroleplayingepic,voli|championsofkrynn
advanceddungeonsdragonscurseoftheazurebondsaforgottenrealmsfantasyroleplayingepic,volii|curseoftheazurebonds
advanceddungeonsdragonsdeathknightsofkrynnadragonlancefantasyroleplayingepic,volii|deathknightsofkrynn
advanceddungeonsdragonsdragonstrikedragonlancedragoncombatsimulator|dragonstrike
advanceddungeonsdragonseyeofthebeholderalegendseriesfantasyroleplayingsaga,voli|eyeofthebeholder
advanceddungeonsdragonseyeofthebeholderiilegendevondarkmoonalegendseriesfantasyroleplayingsaga,volii|eyeofthebeholder2
advanceddungeonsdragonseyeofthebeholderiithelegendofdarkmoonalegendseriesfantasyroleplayingsaga,volii|eyeofthebeholder2
advanceddungeonsdragonsgatewaytothesavagefrontierasavagefrontierfantasyroleplayingepic,voli|gatewaytothesavagefrontier
advanceddungeonsdragonshillsfaraforgottenrealmsactionadventure|hillsfar
advanceddungeonsdragonspoolofradianceaforgottenrealmsfantasyroleplayingepic,voli|poolofradiance
advanceddungeonsdragonspoolsofdarknessaforgottenrealmsfantasyroleplayingepic,voliv|poolsofdarkness
advanceddungeonsdragonssecretofthesilverbladesaforgottenrealmsfantasyroleplayingepic,voliii|secretofthesilverblades
advanceddungeonsdragonsthedarkqueenofkrynnadragonlancefantasyroleplayingepic,voliii|darkqueenofkrynn
advanceddungeonsdragonstreasuresofthesavagefrontierasavagefrontierfantasyroleplayingepic,volii|treasuresofthesavagefrontier
advancedskisimulator|advancedskisimulator
advantagetennis|advantagetennis
adventureconstructionset|adventureconstructionset
adventuresofgenlockholmes|adventuresofgenlockholmes
adventuresofquikandsilva|adventuresofquiksilva
adventuresofrobinhood|adventuresofrobinhood
adventuresofwillybeamish|adventuresofwillybeamish
africanraiders01|africanraiders01
afterburner|afterburner
afterthewar|afterthewar
ageadvancedgalacticempire|age
agony|agony
aigledorleretour,l|aigledor
airball|airball
airborneranger|airborneranger
airsupport|airsupport
akira|akira
aladdin|aladdin
alcatraz|alcatraz
alfabetśmierci|alfabetsmierci
alfredchicken|alfredchicken
alianator|alienator
alienbashii|alienbash2
alienbash|alienbash
alienbreed3diithekillinggrounds|alienbreed3d2
alienbreed3d|alienbreed3d
alienbreediithehorrorcontinues|alienbreed2
alienbreedspecialedition92|alienbreedspecialedition
alienbreedstory|alienbreedstory
alienbreedtowerassault|alienbreedtowerassault
alienbreed|alienbreed
aliendruglordsthechyropianconnection|aliendruglords
alienfishfinger|alienfishfinger
alienlegion|alienlegion
alienstorm|alienstorm
aliensyndrome|aliensyndrome
alienworld|alienworld
alien³|alien3
aliex|aliex
allanborderscricket|allanborderscricket
allnewworldoflemmings|allnewworldoflemmings
alloallocartoonfun|alloallo
alpha1|alpha1
alphawaves|alphawaves
alteredbeast|alteredbeast
altereddestiny|altereddestiny
amazingspidermanandcaptainamericaindrdoomsrevenge|drdoomsrevenge
amazingspiderman|amazingspiderman
ambermoon|ambermoon
amberstar|amberstar
amegas|amegas
americangladiators|americangladiators
americanicehockey|superstaricehockey
americanpoker|americanpoker
americantagteamwrestling|americantagteamwrestling
amigaencounter|encounter
amigakarate|amigakarate
amirobbo|amirobbo
amnios|amnios
anarchy|anarchy
ancientartofwarintheskies|ancientartofwarintheskies
anotherworld|anotherworld
anstoss|anstoss
antago|antago
antaresdergriffnachdensternen|antaresdergriffnachdensternen
antheadsitcamefromthedesertiidatadisk|itcamefromthedesert2
apacheflight|apacheflight
apanosin|apanosin
apb|apb
apidya|apidya
apocalypse|apocalypse
applehunt|applehunt
apprentice|apprentice
aquablast|aquablast
aquanaut|aquanaut
aquaticgamesstarringjamespondandtheaquabats|aquaticgames
aquaventura|aquaventura
arabiannights|arabiannights
arachnophobia|arachnophobia
arcadefruitmachine|arcadefruitmachine
arcadepool|arcadepool
arcadesnooker|arcadesnooker
arcadetriviaquiz|arcadetriviaquiz
archermacleanspool|archermacleanspool
archipelagos|archipelagos
archoniiadept|archon2
archonthelightandthedark|archon
arcticfox|arcticfox
arena|arena
arkanoidrevengeofdoh|arkanoidrevengeofdoh
arkanoid|arkanoid
armageddonman|armageddonman
armalytethefinalrun|armalyte
armourgeddoniicodenamehellfire|armourgeddon2
armourgeddon|armourgeddon
armymoves|armymoves
arnie2|arnie2
arnie|arnie
artofchess|artofchess
artura|artura
ashesofempire|ashesofempire
assassinspecialedition|assassinspecialedition
assassin|assassin
astaroththeangelofdeath|astaroth
astatin|astatin
asterixoperationgetafix|asterixoperationgetafix
asterixundoperationhinkelstein|asterixoperationhinkelstein
astromarinecorps|astromarinecorps
atax|atax
atfii|atf2
atlantyda|atlantyda
atomicrobokid|atomicrobokid
atomino|atomino
atomix|atomix
atomsmasher|atomsmasher
atrainconstructionset|atrainconstructionset
atrain|atrain
atrallterrainracing|allterrainracing
attackofthegreensmellyaliensfromplanet27b|attackofthegreensmellyaliensfromplanet27b6
aufdersuchenachdemvogelderzeit|questforthetimebird
aufschwungost|aufschwungost
auntarcticadventure|auntarcticadventure
australopiticusmechanicus|australopiticusmechanicus
autoduel|autoduel
av8bharrierassault|av8bharrierassault
aventuraespacial,la|aventuraespacial
aventuraoriginal,la|aventuraoriginal
aventuresdemoktar,les|aventuresdemoktar
awesome|awesome
axelsmagichammer|axelsmagichammer
axeofrage|axeofrage
aztecchallenge|aztecchallenge
b17flyingfortress|b17flyingfortress
baal|baal
babayaga|babayaga
babyjoingoinghome|babyjoingoinghome
backlash|backlash
backtothefuturepartiii|backtothefuturepart3
backtothefuturepartii|backtothefuturepart2
badcat|badcat
badcompany|badcompany
baddudesvsdragonninja|baddudesvsdragonninja
baddudes|baddudes
badlandspete|badlandspete
badlands|badlands
bagitman|bagitman
balanceofpowergeopoliticsinthenuclearage|balanceofpower
balanceofpowerthe1990edition|balanceofpower1990edition
ballgame|ballgame
ballistix|ballistix
ballraiderii|ballraider2
ballraider|ballraider
banditkingsofancientchina|banditkingsofancientchina
bangkokknights|bangkokknights
banshee|banshee
banzai|banzai
barbarianii|barbarian2
barbariantheultimatewarrior|barbarian
barbarian|barbarian
bardstaleiiithiefoffate|bardstale3
bardstaleiithedestinyknight|bardstale2
bardstaletalesoftheunknown|bardstale
bargames|bargames
bargonattack|bargonattack
barneybeargoestoschool|barneybeargoestoschool
barneybeargoestospace|barneybeargoestospace
basejumpers|basejumpers
basketisland|basketislanddemo1
basketisland|basketislanddemo2
batii|bat2
batmanreturns|batmanreturns
batmanthecapedcrusader|batmancapedcrusader
batman|batmanthemovie
battlebound|battlebound
battlechessiichinesechess|battlechess2
battlechess|battlechess
battlecommand|battlecommand
battlefortheashes|battlefortheashes
battlehawks1942|battlehawks1942
battleisledatadisks|battleisledatadisks
battleisle|battleisle
battlemaster|battlemaster
battleships|battleships
battlesquadronthedestructionofthebarraxempire|battlesquadron
battlestorm|battlestorm
battletechthecrescenthawksinception|battletech
battletoads|battletoads
battlevalley|battlevalley
bat|bat
bckid|bckid
beachvolley|beachvolley
beam|beam
beastbusters|beastbusters
beastlord|beastlord
beavers|beavers
behindtheirongate|behindtheirongate
belial|belial
beneathasteelsky|beneathasteelsky
benefactor|benefactor
berlin1948|berlin1948
bestofthebestchampionshipkarate|bestofthebest
betrayal|betrayal
betterdeadthanalien|betterdeadthanalien
bettermaths|bettermaths
beverlyhillscop|beverlyhillscop
beyonddarkcastle|beyonddarkcastle
beyondtheicepalace|beyondtheicepalace
bezkompromisu|bezkompromisu
bigbusiness|bigbusiness
bignosethecaveman|bignosethecaveman
bigrun|bigrun
biingsex,intrigenundskalpelle|biing
billardamericain|archermacleansbillardamericain
billstomatogame|billstomatogame
biochallenge|biochallenge
bioniccommando|bioniccommando
biplaneduel|biplaneduel
birdsofprey|birdsofprey
bismarck|bismarck
blackcauldron|blackcauldron
blackcrypt|blackcrypt
blackgold|blackgold
blackhornet|blackhornet
blacklamp|blacklamp
blacksect|blacksect
blackshadow|blackshadow
blacktiger|blacktiger
blackviper|blackviper
bladesofsteel|bladesofsteel
bladewarrior|bladewarrior
blastaball|blastaball
blastar|blastar
blasteroids|blasteroids
blazingthunder|blazingthunder
blinkysscaryschool|blinkysscaryschool
blobz|blobz
blob|blob
blockout|blockout
blockshockthelastchance|blockshock
bloodmoney|bloodmoney
bloodnetacyberpunkgothic|bloodnet
bloodwychtheextendedlevels|bloodwychextendedlevels
bloodwych|bloodwych
blueangel69|blueangel69
blueangelsformationflightsimulation|blueangels
blueberry|blueberry
bluemaxacesofthegreatwar|bluemax
bluesbrothers|bluesbrothers
bmxsimulator|bmxsimulator
bobo|bobo
bobsbadday|bobsbadday
bobsgarden|bobsgarden
bodyblowsgalactic|bodyblowsgalactic
bodyblows|bodyblows
bomberbob|bomberbob
bombfusion|bombfusion
bombjackbeeredition|bombjackbeeredition
bombjack|bombjack
bombpac|bombpaccd32
bombuzal|bombuzal
bombx|bombx
bonanzabros|bonanzabros
booly|booly
boot,das|boot
borobodurplanetofdoom|borobodur
borrowedtime|borrowedtime
bostonbombclub|bostonbombclub
botics|botics
boulderdashconstructionkit|boulderdashconstructionkit
brainball|brainball
brainblasters|brainblasters
brainman|brainman
bramstokersdracula|bramstokersdracula
brataccas|brataccas
brat|brat
breach2|breach2
breach|breach
breakoutrevolution|breakoutrevolution
breathless|breathless
brianlarascricket96|brianlarascricket96
brianlarascricket|brianlarascricket
brianthelion|brianthelion
bridesofdracula|bridesofdracula
brutalfootballdeluxeedition|brutalfootball
brutalfootball|brutalfootball
brutalpawsoffury|brutalpawsoffury
bubbanstix|bubbanstix
bubble+|bubble+
bubbleandsqueak|bubbleandsqueak
bubblebobble|bubblebobble
bubbledizzy|bubbledizzy
bubblegun|bubblegun
buckrogerscountdowntodoomsdaysciencefictionroleplayingcomputergame,voli|buckrogers
budokanthemartialspirit|budokan
buffalobillsrodeogames|buffalobillswildwestshow
bugbash|bugbash
bugbomber|bugbomber
buggyboy|buggyboy
builderland|builderland
bumpnburn|bumpnburn
bumpysarcadefantasy|bumpysarcadefantasy
bundesligamanagerhattrick|bundesligamanagerhattrick
bundesligamanagerprofessional|bundesligamanagerprofessional
bunnybricks|bunnybricks
burgerman|burgerman
burningrubber|burningrubber
burnout|burnout
burntime|burntime
butcherhill|butcherhill
cabal|cabal
cabaretasteroids|cabaretasteroids
cadaver+cadaverthepayoff|cadaverthepayoff
cadaver|cadaverdemos
caesar|caesar
calephar|calephar
californiagamesii|californiagames2
californiagames|californiagames
campaignfromnorthafricatonortherneurope|campaigndatadisk
campaignii50yearsofglobalconflict|campaign2
campaigntacticalstrategicwarsimulation|campaign
cannonfodder2alienlevels|cannonfodder2alienlevels
cannonfodder2|cannonfodder2
cannonfodderamigaformatchristmasspecial|cannonsoccer
cannonfodderplus|cannonfodderplus
cannonfodder|cannonfodder
cannonfodder|cannonfoddernewcampaign
capitalpunishment|capitalpunishment
capncarnage|capncarnage
capone|capone
captainblood|captainblood
captaindynamo|dynamo
captainfizzmeetstheblastertrons|captainfizz
captainplanetandtheplaneteers|captainplanettheplaneteers
captive|captive
carcharodonwhitesharks|carcharodon
cardiaxx|cardiaxx
cardinalofthekremlin|cardinalofthekremlin
carllewischallenge|carllewischallenge
carlos|carlos
carnage|carnage
carriercommand|carriercommand
carthage|carthage
cartonrouge|cartonrouge
cartoons|cartoons
carver|carver
carvup|carvup
castlekingdoms|castlekingdoms
castlemasteriithecrypt|castlemaster2
castlemaster|castlemaster
castleofdrbrain|castleofdrbrain
castlesiisiegeandconquest|castles2
castles|castles
castlevania|castlevania
castlewarrior|castlewarrior
catchem|catchem
cattivikthevideogame|cattivik
cavemania|cavemania
cavitas|cavitas
cedricandthelostsceptre|cedric
celicagtrally|toyotacelicagtrally
celticlegends|celticlegends
centerfoldsquares|centrefoldsquares
centuriondefenderofrome|centurion
century|century
chamberofthescimutantpriestess|chamberofthescimutantpriestess
chambersofshaolin|chambersofshaolin
championdriver|championdriver
championshipgolfthegreatcoursesoftheworldvolumeipebblebeach|championshipgolf
championshiprun|championshiprun
champ|champ
chaosengine2|chaosengine2
chaosengine|chaosengine
chaosinandromedaeyesoftheeagle|chaosinandromeda
chaosstrikesbackenglishutilitydisk|chaosstrikesbackenglishutilitydisk
chaosstrikesbackfrenchutilitydisk|chaosstrikesbackfrenchutilitydisk
chaosstrikesbackgermanutilitydisk|chaosstrikesbackgermanutilitydisk
charliejcool|charliejcool
chasehqiispecialcriminalinvestigation|chasehq2
chasehq|chasehq
chessmaster2000|chessmaster2000
chessplayer2150|chessplayer2150
chesssimulator|chesssimulator
chicago90|chicago90
chichénitzá|chichenitza
chipschallenge|chipschallenge
christophkolumbus|christophkolombus
chrome|chrome
chroniclesofomega|chroniclesofomega
chronoquestii|chronoquest2
chronoquest|chronoquest
chubbygristle|chubbygristle
chuckieeggii|chuckieegg2
chuckieegg|chuckieegg
chuckrock2sonofchuck|chuckrock2
chuckrock|chuckrock
chuckyeagersadvancedflighttrainer20|chuckyeagersadvancedflighttrainer2
circusattractionszip|circusattractions
circusattractions|circusattractions
circusgames|circusgames
ciscoheat|ciscoheat
citadel|citadel
citydefence|citydefence
civilization|civilization
cjintheusa|cjintheusa
cjselephantantics|cjselephantantics
classicarcadia+babyarcadia|classicbabyarcadia
classicboardgames|classicboardgames
classiclotustrilogy|lotus
classicpucman|classicpucman
cliffhanger|cliffhanger
clikclak|clikclak
clockwiser|clockwiser
clou,der|clou
cloudkingdoms|cloudkingdoms
clouprofidisk,der|clouprofidisk
clownomania|clownomania
cluedomasterdetective|cluedomasterdetective
cluemasterdetective|cluemasterdetective
clue|clue
coala|coala
codenameiceman|codenameiceman
cogansrun|cogansrun
colonelsbequest|colonelsbequest
colonization|colonization
colony|colony
colorado|colorado
colorbuster|colorbuster
coloris|coloris
colossuschessxtheultimatechessprogram|colossuschessx
combatairpatrol|combatairpatrol
comboracer|comboracer
commando|commando
computerscrabbledeluxe|computerscrabble
computerthirdreich|computerthirdreich
conanthecimmerian|conanthecimmerian
conflicteurope|conflicteurope
conflictthemiddleeastsimulation|conflictmiddleeastpoliticalsimulator
conqueror|conqueror
conquestsofcamelotthesearchforthegrail|conquestsofcamelot
continentalcircus|continentalcircus
coolcroctwins|coolcroctwins
coolspot|coolspot
coolworld|coolworld
corporationmissiondisk|corporationmissions
corporation|corporation
corruption|corruption
corsaires|corsarios
corx|corx
cosmicbouncer|cosmicbouncer
cosmicpirate|cosmicpirate
cosmicrelief|cosmicrelief
cosmicspacehead|cosmicspacehead
cougarforce|cougarforce
countduckulainnosaxpleasewereegyptian|countduckula
covergirlpoker|covergirlstrippoker
covertaction|covertaction
crackdown|crackdown
crack|crack
crashgarrett|crashgarrett
crazycars3|crazycars3
crazycarsii|crazycars2
crazycars|crazycars
crazyseasons|crazyseasons
crazyshot|crazyshot
crazysueii|crazysuegoeson
crazysue|crazysue
creatures|creatures
creature|creature
crimecity|crimecity
crimedoesnotpay|crimedoesnotpay
crimewave|crimewave
croak2|croak2
croak|croak
croisierepouruncadavre|croisierepouruncadavre
crossbowthelegendofwilliamtell|crossbowthelegendofwilliamtell
crosscheck|crosscheck
cruiseforacorpse|cruiseforacorpse
cruncherfactory|cruncherfactory
crystaldragon|crystaldragon
crystalhammer|crystalhammer
crystalkingdomdizzy|crystalkingdomdizzy
crystalpalace|crystalpalace
crystalsofarborea|crystalsofarborea
cubix|cubix
cubulus|cubulus
curseofenchantia|curseofenchantia
custodian|custodian
cyberassault|cyberassault
cyberball|cyberball
cyberblast|cyberblast
cyberconiii|cybercon3
cyberempires|cyberempires
cybergames|cybergames
cybernetix|cybernetix
cybernoidiitherevenge|cybernoid2
cybernoidthefightingmachine|cybernoid
cyberpunks|cyberpunks
cyberworld|cyberworld
cyberzerk|cyberzerk
cyclesinternationalgrandprixracing|cycles
cygnus8|cygnus8
cytadela|cytadela
cytron|cytron
dalekattack|dalekattack
daleythompsonsolympicchallenge|daleythompsonsolympicchallenge
damagethesadisticbutcheringofhumanity|damage
damage|damagepreview
damoclesmercenaryii|damocles
dandareiiitheescape|dandare3
dangerousstreets|dangerousstreets
darius+|darius+
darkcastle|darkcastle
darkcentury|darkcentury
darkfusion|darkfusion
darkman|darkman
darkmere|darkmere
darkseed|darkseed
darkside|darkside
darkspyre|darkspyre
datastorm|datastorm
dawnpatrol|dawnpatrol
dayofthepharaoh|dayofthepharaoh
dayoftheviper|dayoftheviper
daysofthunder|daysofthunder
ddaythebeginningoftheend|dday
deathbringer|deathbringer
deathmask|deathmask
deathorglorydaserbevonmorgan|deathorglory
deathsword|deathsword
deathtrap|deathtrap
decimaldungeon|decimaldungeon
deconstruction|deconstruction
deepcore|deepcore
deepspace|deepspace
deep|deep
defenderii|defender2
defenderofthecrownii|defenderofthecrown2
defenderofthecrown|defenderofthecrown
defendersoftheearth|defendersoftheearth
defender|defender
defensordelacoronaii,el|defensordelacorona2
deflektor|deflektor
dejavuanightmarecomestrue|dejavu
dejavuiilostinlasvegas|dejavu2lostinlasvegas
deliverance|deliverance
deltacommand|deltacommand
deluxegalaga|deluxegalaga
deluxepacman|deluxepacman
deluxestrippoker2datadisks|deluxestrippoker2datadisks
deluxestrippoker2|deluxestrippoker2
demonblue|demonblue
demoniak|demoniak
demonstombtheawakening|demonstombtheawakening
denaris|denaris
denjoy|denjoy
dennis|dennis
denverpresentejefaisdescouleurs|denverjefaisdescouleurs
desertstrikereturntothegulf|desertstrike
destroyer|destroyer
detonator|detonator
detroit|detroit
deuterosthenextmillennium|deuteros
deviousdesigns|deviousdesigns
dgeneration|dgeneration
dicktracythecrimesolvingadventure|dicktracyadventure
dicktracy|dicktracy
diehard2dieharder|diehard2
difensoredellacoronaii|difensoredellacorona2
diggers|diggers
digger|digger
dimosquest|dimosquest
dinosaurdetectiveagency|dinosaurdetectiveagency
dinowars|dinowars
diosadecozumel,la|diosadecozumel
discoveryinthestepsofcolumbus|discovery
discovery|discovery
disc|disc
disposablehero|disposablehero
distantarmiesaplayinghistoryofchess|distantarmies
ditris|ditris
dizzycollection5gamepack|dizzycollection
dizzydice|dizzydice
dizzypanic|dizzypanic
dizzyprinceoftheyolkfolk|dizzyprinceoftheyolkfolk
dizzysexcellentadventures|dizzysexcellentadventures
dogfight80yearsofaerialwarfare|dogfight
dogsofwar|dogsofwar
dojodan|dojodan
doman|doman
dominator|dominator
dominium|dominium
donaldducksplayground|donaldducksplayground
donaldsalphabetchase|donaldsalphabetchase
donkeykong|donkeykong
donkthesamuraiduck|donkthesamuraiduck
doodlebug|doodlebug
doofus|doofus
doubleagent|doubleagent
doubledragoniiitherosettastone|doubledragon3
doubledragoniitherevenge|doubledragon2
doubledragon|doubledragon
doubledribble|doubledribble
downhillchallenge|downhillchallenge
drachenvonlaas,die|drachenvonlaas
dragonbreed|dragonbreed
dragonfighter|dragonfighter
dragonflight|dragonflight
dragonsbreath|dragonsbreath
dragonscape|dragonscape
dragonslairescapefromsingescastle|dragonslairescapefromsingescastle
dragonslairiiithecurseofmordread|dragonslair3
dragonslairiitimewarp|dragonslair2
dragonslair|dragonslair
dragonspirit|dragonspirit
dragonstone|dragonstone
dragonstone|dragonstonev10cd32lha
dragontilesiithetournament|dragontiles2
dragontiles|dragontiles
dragonwars|dragonwars
drakkhen|drakkhen
dreamweb|dreamweb
dreamzone|dreamzone
drfruit|drfruit
driller|driller
drip|drip
drivinforce|drivinforce
drmario|drmario
ducktalesthequestforgold|ducktales
duggerstarringherbiestone|dugger
duneiithebattleforarrakis|dune2
dune|dune
dungeonmasteriithelegendofskullkeep|dungeonmaster2
dungeonmaster|dungeonmaster
dungeonquest|dungeonquest
dungeonsofavaloniitheislandofdarkness|dungeonsofavalon2
dungeonsofavalon|dungeonsofavalon
dux|dux
dylandogthemurderers|dylandogthemurderers
dynablaster|dynablaster
dynamitedux|dynamitedux
dynastywars|dynastywars
dyter07|dyter07
débutplanetsimulation|debutplanetsimulation
défenseurdelacouronneii|defenseurdelacouronne2
eaglesrider|eaglesrider
ebonstar|ebonstar
ecophantoms|ecophantoms
eco|eco
eddtheduck2backwithaquack|eddtheduck2
eddtheduck|eddtheduck
eishockeymanager|eishockeymanager
eksperymentdelfin|eksperymentdelfin
electronicpool|electronicpool
elfmania|elfmania
elf|elf
eliminator|eliminator
eliteadvanced|eliteadvanced
elite|elite
elviraiithejawsofcerberus|elvira2
elviramistressofthedark|elvira
elvirathearcadegame|elviraarcade
embryo|embryo
emeraldmine3professional|emeraldmine3
emeraldmineii|emeraldmine2
emeraldmines|emeraldmines
emeraldmine|emeraldmine
emlynhughesinternationalsoccer|emlynhughesinternationalsoccer
emmanuelle|emmanuelle
emotion|emotion
empiresoccer94|empiresoccer94
enchantedland|enchantedland
enemy2missinginaction|enemy2missinginaction
enemytempestofviolence|enemytempestofviolence
enforcer|enforcer
englandchampionshipspecial|englandchampionshipspecial
enlightenmentdruidii|enlightenment
entity|entity
epicepicextramissions|epicmissiondisk
epic|epic
erbe,das|erbe
erbe2dasschmutzigeerbe|schmutzigeerbe
erik|erik
escapefromcolditz|escapefromcolditz
escapefromcolditz|fluchtauscolditz
escapefromtheplanetoftherobotmonsters|escapefromtheplanetoftherobotmonsters
eskadra|eskadra
eskimogames|eskimogames
espanathegames92|espanathegames92
eswat|eswat
etsrugbyleague|etsrugbyleague
europeanchampionship1992|europeanchampionship1992
europeanchampions|europeanchampions
europeanfootballchamp|europeanfootballchamp
eurosoccer|eurosoccer
evildawn|evildawn
excalibur|excalibur
executioner|executioner
exile|exile
exolon|exolon
exploraiiisouslesigneduserpent|explora3
exploraii|explora2
explora|explora
extase|extase
exterminator|exterminator
extractorsthehangingworldsofzarg|extractorpreview
extrial|extrial
eyeofhorus|eyeofhorus
eyeofthestorm|eyeofthestorm
eye|eye
f15strikeeagleii|f15strikeeagle2
f16combatpilot|f16combatpilot
f17challenge|f17challenge
f19stealthfighter|f19stealthfighter
f1tornado|f1tornado
f1worldchampionshipedition|f1worldchampionshipedition
f1|f1
f29retaliator|f29retaliator
f40pursuitsimulator|f40pursuitsimulator
fa18interceptor|fa18interceptor
faceofficehockey|faceoff
faerytaleadventure|faerytaleadventure
falconmissiondisks|falconmissiondisks
falcon|falcon
fallenangel|fallenangel
fantasticdizzy|fantasticdizzy
fantasticvoyage|fantasticvoyage
fantasyflyer|fantasyflyer
fantasyworlddizzy|fantasyworlddizzy
fascination|fascination
fastbrain|fastbrain
fastbreak|fastbreak
fastfood|fastfood
fastlane|fastlane
fatalheritage|fatalheritage
fatalmission2|fatalmission
fategatesofdawn|fategatesofdawn
fatmanthecapedconsumer|fatmanthecapedconsumer
fears|fears
federationoffreetraders|federationoffreetraders
federationquest1bssjaneseymour|bssjaneseymour
femmefataledatadisks|femmefataledatadisks
femmefatale|femmefatale
fernandezmustdie|fernandezmustdie
ferrariformulaone|ferrariformulaone
feud|feud
fidelitychessmaster2100|chessmaster2100
fiendishfreddysbigtopofun|fiendishfreddysbigtopofun
fifainternationalsoccer|fifainternationalsoccer
fighterbomberadvancedmissiondisk|fighterbomberadvancedmissions
fighterbomber|fighterbomber
fighterduelpro|fighterduelpro
fightingsoccer|fightingsoccer
fightinspirit|fightinspirit
finalassault|finalassault
finalbattle|finalbattle
finalblow|finalblow
finalcountdown|finalcountdown
finalfight|finalfight
fireandbrimstone|fireandbrimstone
fireandforget|fireforget
fireblaster|fireblaster
fireforce|fireforce
fireforgetiithedeathconvoy|fireforget2
firehawk|firehawk
fireicethedaringadventuresofcoolcoyote|fireice
firepower|firepower
firestar|firestar
firstcontact|firstcontact
firstsamurai|firstsamurai
fish|fish
fistfighter|fistfighter
fiveasidesoccer|fiveasidesoccer
flashback|flashback
fliesattackonearth|fliesattackonearth
flightoftheamazonqueen|flightoftheamazonqueen
flightoftheamazonqueen|flugderamazonqueen
flightoftheamazonqueen|lamazonequeen
flightoftheintruder|flightoftheintruder
flightpath737|flightpath737
flightsimulatoriihawaiianodysseysceneryadventure|flightsimulator2hawaiianscenerydisk
flightsimulatoriijapanscenerydisk|flightsimulator2scenerydisk13
flightsimulatoriiscenerydisk11|flightsimulator2scenerydisk11
flightsimulatoriiscenerydisk12|flightsimulator2scenerydisk12
flightsimulatoriiscenerydisk7|flightsimulator2scenerydisk07
flightsimulatoriiscenerydisk9|flightsimulator2scenerydisk09
flightsimulatoriiwesterneuropeantourscenerydisk|flightsimulator2scenerydisk14
flightsimulatorii|flightsimulator2
flimbosquest|flimbosquest
flink|flink
flintstones|flintstones
flipflop|flipflop
flipitmagnosewatercarriersfrommars|flipitmagnose
flood|flood
floor13|floor13
flyfighter|flyfighter
flyharder|flyharder
flyingshark|flyingshark
foolserrand|foolserrand
footballeroftheyear2|footballeroftheyear2
footballglory|footballglory
footballmanager2|footballmanager2
footballmanagerworldcupedition|footballmanagerworldcupedition
forestdumbforever|forestdumbforever
forgottenmine1|forgottenmine
forgottenworlds|forgottenworlds
formula1grandprix|formula1grandprix
foundationswaste|foundationswaste
fourcrystalsoftrazere|fourcrystalsoftrazere
fractionaction|fractionaction
francobaresiworldcupkickoff|francobaresiworldcup
frankenstein|frankenstein
frankothecrazyrevenge|franko
franticfreddie|franticfreddie
freakout|freakout
freedomdiekriegerdesschattens|freedom
freedomlesguerriersdelombre|freedom
freedomlosguerrerosdelanoche|freedom
freedomrebelsinthedarkness|freedom
frenetic|frenetic
frightnight|frightnight
frontiereliteii|frontier
frostbyte|frostbytev050111529lha
fullcontact|fullcontact
fullmetalplanete|fullmetalplanete
funturatum|funturatum
furyofthefurries|furyofthefurries
fusion|fusion
fussballtotal|fussballtotal
futurebasketball|futurebasketball
futurebikesimulator|futurebikesimulator
futureclassicscollection|futureclassicscollection
futureshock|futureshock
futuretank|futuretank
futurewarstimetravellers|futurewars
fuzzball|fuzzball
gadgetlostintime|gadgetlostintime
gainforce|gainforce
galacticconqueror|galacticconqueror
galacticempire|galacticempire
galacticthexmasedition|galacticthexmasedition
galacticwarriorrats|galacticwarriorrats
galaga92|galaga92
galaxy89|galaxy89
galaxyblast|galaxyblast
galaxyforceii|galaxyforce2
galdregonsdomain|galdregonsdomain
gameofharmony|gameofharmony
gamessummeredition|gamessummeredition
gameswinteredition|gameswinteredition
ganymed|ganymed
garfieldbig,fat,hairydeal|garfieldbigfathairydeal
garfieldwinterstail|garfieldawinterstail
garrisonii|garrison2
garrison|garrison
garylinekershotshot|garylinekershotshot
gauntletiiithefinalquest|gauntlet3
gauntletii|gauntlet2
gazzaii|gazza2
gbachampionshipbasketballtwoontwo|gbachampionshipbasketball
gearworks|gearworks
geebeeairrally|geebeeairrally
geisha|geisha
geminiwing|geminiwing
gemstonelegend|gemstonelegend
gemx|gemx
genesia|genesia
gettysburg|gettysburg
ghostbattle|ghostbattle
ghostbustersii|ghostbusters2
ghostchaser|ghostchaser
ghostsngoblins|ghostsngoblins
ghoulsnghosts|ghoulsnghosts
giddyiiheroinaneggshell|giddy2heroinaneggshell
giganoid|giganoid
gladiators|gladiators
globalgladiators|globalgladiators
globaltrek|globaltrek
globdule|globdule
globulus|globulus
glocr360|glocr360
gloom|gloom
gnius|gnius
gnomealone|gnomealone
gnomeranger|gnomeranger
gnome|gnome
goal|goal
gobliiins|gobliiins
gobliins2theprincebuffoon|gobliins2
goblins3|goblins3
godfather|godfather
gods|gods
goldenaxe|goldenaxe
goldeneagle|goldeneagle
goldenpath|goldenpath
goldoftheaztecs|goldoftheaztecs
goldoftheaztecs|goldoftheaztecsv11kernalversion11lha
goldrunneriiscenerydisks|goldrunner2scenerydisks
goldrunnerii|goldrunner2
goldrunner|goldrunner
goldrush|goldrush
goofysrailwayexpress|goofysrailwayexpress
graemesounesssoccermanager|graemesounesssoccermanager
graemesounessvectorsoccer|graemesounessvectorsoccer
grahamgoochssecondinnings|grahamgoochsecondinnings
grahamgoochworldclasscrickettestmatchspecialedition|grahamgoochworldclasscricketspecialedition
grahamgoochworldclasscricket|grahamgoochworldclasscricket
grahamtaylorssoccerchallenge|grahamtaylorssoccerchallenge
grandmonsterslam|grandmonsterslam
grandprix5002|grandprix5002
grandprixcircuit|grandprixcircuit
grandprixmaster|grandprixmaster
grannysgarden|grannysgarden
gravityforce|gravityforce
gravity|gravity
greatcourts2|greatcourts2
greatcourts|greatcourts
greatgianasisters|greatgianasisters
gremlins2thenewbatch|gremlins2
gridiron|gridiron
gridstart|gridstart
guardianangel|guardianangel
guardian|guardian
guildofthieves|guildofthieves
guldkornexpressen|guldkornexpressen
gunboatrivercombatsimulation|gunboat
gunship2000|gunship2000
gunship|gunship
gunshoot|gunshoot
guyspyandthecrystalsofarmageddon|guyspy
hackeriithedoomsdaypapers|hacker2
hacker|hacker
hagarthehorrible|hagarthehorrible
hagar|hagarthehorrible
halleyprojectamissioninoursolarsystem|halleyproject
hammerboy|hammerboy
hammerfist|hammerfist
hansedieexpedition|hanse
haraldhårdtandikampenomderenetænder|haraldhaardtand
hardballii|hardball2
hardball|hardball
harddriviniidriveharder|harddrivin2
harddrivin|harddrivin
hardnheavy|hardnheavy
harlequin|harlequin
harleydavidsontheroadtosturgis|harleydavidson
harpoonbattleset1greenlandicelandukgap|harpoonbattleset1
harpoonbattleset2thenorthatlanticconvoys|harpoonbattleset2
harpoonbattleset3themedconflict|harpoonbattleset3
harpoonbattleset4theindianocean|harpoonbattleset4
harriercombatsimulator|harriercombatsimulator
hatehostileallterrainencounter|hate
hawkeye|hawkeye
hawkwind|venomwing
headoverheels|headoverheels
heartofchina|heartofchina
heartofthedragon|heartofthedragon
heavymetalheroes|heavymetalheroes
heavymetal|heavymetal
heimdall2|heimdall2
heimdall|heimdall
hellbent|hellbent
hellfireattack|hellfireattack
hellowoondasgeheimnisdeszauberstabs|hellowoon
hellraider|hellraider
hellraiser|hellraisers
hellrunmachine|hellrunmachine
helterskelter|helterskelter
heroesofthelance|heroesofthelance
heroquestiilegacyofsorasil|heroquest2
heroquestreturnofthewitchlord|heroquestreturnofthewitchlord
heroquest|heroquest
herosquestsoyouwanttobeahero|questforglory
hexumadasaugedeskal|hexuma
highseastrader|highseastrader
highsteel|highsteel
highwayhawks|highwayhawks
highwaypatrol2|highwaypatrol2
hillstreetblues|hillstreetblues
hiltagainstthehoardes|hilt
hiltii|hilt2
hiredguns|hiredguns
hiredguns|historyline
historyline19141918|historyline
hitchhikersguidetothegalaxy|hitchhikersguidetothegalaxy
holeinoneminiaturegolfdatadisks|holeinonedatadisks
holeinoneminiaturegolf|holeinone
holidaylemmings1993|lemmingsholiday1993
holidaylemmings1994|lemmingsholiday1994
holidaymaker|holidaymaker
hollywoodpokerpro|hollywoodpokerpro
hollywoodpoker|hollywoodpoker
homealone|homealone
hongkongphooey|hongkongphooey
hook|hook
horrorzombiesfromthecrypt|horrorzombiesfromthecrypt
hostages|hostages
hostilebreed|hostilebreed
hotrod|hotrod
hotrubber|hotrubber
hotshot|hotshot
houndofshadow|houndofshadow
huckleberryhoundinhollywoodcapers|huckleberryhound
hudsonhawk|hudsonhawk
hugopanyeeventyr2|hugo2
hugopanyeeventyr|hugo1
hugo|hugo
humankillingmachine|humankillingmachine
humanracethejurassiclevels|humans2
humansiiievolutionlostintime|humans3
humans|humans
hunter|hunter
huntforredoctoberthemovie|huntforredoctoberthemovie
huntforredoctober|huntforredoctober
hybris|hybris
hydra|hydra
hyperdome|hyperdome
hyperion|hyperion
ianbothamscricket|ianbothamscricket
icerunner|icerunner
ik+|ik+
ikariwarriors|ikariwarriors
ilyad|ilyad
immortal|immortal
impact95|impact95
impact|impact
imperium|imperium
impossamole|impossamole
impossiblemission2025thespecialedition|impossiblemission2025
impossiblemissionii|impossiblemission2
incrediblecrashdummies|incrediblecrashdummies
indianajonesandthefateofatlantisagraphicadventure|indianajonesthefateofatlantisadventure
indianajonesandthefateofatlantiseingrafikadventure|indianajonesthefateofatlantisadventure
indianajonesandthefateofatlantistheactiongame|indianajonesthefateofatlantisaction
indianajonesandthelastcrusadedasgraphicadventure|indianajonesthelastcrusadeadventure
indianajonesandthelastcrusadetheactiongame|indianajonesthelastcrusadeaction
indianajonesandthelastcrusadethegraphicadventure|indianajonesthelastcrusadeadventure
indianajonesandthetempleofdoom|indianajonesthetempleofdoom
indianapolis500thesimulation|indianapolis500
indigo|indigo
indoorsportsvolume1|indoorsports
indyheat|indyheat
inertiadrive|inertiadrive
infection|infection
infestation|infestation
ingridsback|ingridsback
innocentuntilcaught|innocentuntilcaught
insanityfight|insanityfight
insectorhectiintheinterchange|insectorhectiintheinterchange
insectsinspace|insectsinspace
intact|intact
international3dtennis|international3dtennis
internationalicehockey|internationalicehockey
internationalninjarabbits|internationalninjarabbits
internationalsoccer|internationalsoccer
internationalsportschallenge|internationalsportschallenge
internationaltennis|internationaltennis
internationaltruckracing|internationaltruckracing
interphase|interphase
intotheeaglesnest|intotheeaglesnest
invasion|invasion
inve$t|invest
ironlord|ironlord
irontrackers|irontrackers
ishar2messengersofdoom|ishar2
ishar3thesevengatesofinfinity|ishar3
isharlegendofthefortress|ishar
ishidothewayofstones|ishido
islandoflosthope|islandoflosthope
issincredibleshrinkingsphere|iss
italia1990|italia1990
italy1990winnersedition|italy1990winnersedition
italy1990|italy1990
itcamefromthedesert|itcamefromthedesert
ivanhoe|ivanhoe
ivanironmanstewartssuperoffroad|superoffroad
jabatovsimperiolibertad|jabato
jaguarxj220|jaguarxj220
jahangirkhanworldchampionshipsquash|jahangirkhansworldchampionshipsquash
jamesbondthestealthaffair|jamesbondthestealthaffair
jamespond3operationstarfish|jamespond3
jamespond3operationstarfish|jamespond3v102cd32lha
jamespondiicodenamerobocod|jamespond2
jamespondunderwateragent|jamespond
jaws|jaws
jethawaiianscenerydisk|jethawaiianscenerydisk
jetjapanscenerydisk|jetscenerydisk13
jetscenerydisk11|jetscenerydisk11
jetscenerydisk12|jetscenerydisk12
jetscenerydisk7|jetscenerydisk07
jetscenerydisk9|jetscenerydisk09
jetsetwillyii|jetsetwilly2v050111115lha
jetsonsthecomputergame|jetsonsthecomputergame
jetstrike|jetstrike
jetwesterneuropeantourscenerydisk|jetscenerydisk14
jet|jet
jewelsofdarkness|jewelsofdarkness
jimmysfantasticjourney|jimmysfantasticjourney
jimmywhiteswhirlwindsnooker|jimmywhiteswhirlwindsnooker
jimmywillburnealarecherchedupeigneperdu|jimmywillburne
jimpowerinmutantplanet|jimpower
jinks|jinks
jinxter|jinxter
jockywilsonsdartschallenge|jockywilsonsdartschallenge
joeblade2|joeblade2
joeblade|joeblade
joemaccavemanninja|joemaccavemanninja
johnbarneseuropeanfootball|johnbarneseuropeanfootball
johnlowesultimatedarts|johnlowesultimatedarts
johnmaddenfootball|johnmaddenfootball
jonathan|jonathan
journeythequestbegins|journeythequestbegins
jouster3|jouster3
judgedredd|judgedredd
jug|jug
jumpingjackson|jumpingjackson
jumpnroll|jumpnroll
junglestrike|junglestrike
juniortypist|juniortypist
jupiterprobe|jupiterprobe
jupitersmasterdrive|jupitersmasterdrive
jurassicpark|jurassicpark
k240|k240
kaiser|kaiser
kajkoikokosz|kajkoikokosz
kalaspuffsexpressen|kalaspuffsexpressen
kamikaze|kamikaze
karatekidpartii|karatekid2
karateking|karatekingcitydefence
kartinggrandprix|kartinggrandprix
katakis|katakis
kathedrale,die|kathedrale
keefthethiefaboyandhislockpick|keefthethief
kellyx|kellyx
kennedyapproach|kennedyapproach
keystomaramon|keystomaramon
kgb|kgb
khalaan|khalaan
kickoff+extratime|kickoffextratime
kickoff2+worldcup90|kickoff2plusworldcup90
kickoff2competitionversion|kickoff2competitionversion
kickoff2returntoeurope|kickoff2returntoeurope
kickoff2thefinalwhistlecompetitionversion|kickoff2finalwhistlecompetitionversion
kickoff2thefinalwhistle|kickoff2finalwhistle
kickoff2|kickoff2
kickoff2|kickoff216
kickoff3europeanchallenge|kickoff3europeanchallenge
kickoff3|kickoff3
kickoff96|kickoff96
kickoff|kickoff
kidchaos|kidchaos
kidglovesiithejourneyback|kidgloves2
kidgloves|kidgloves
kikstart2|kikstart2
kikugi|kikugi
killerball|killerball
killingcloud|killingcloud
killinggameshow|killinggameshow
killingmachine|killingmachine
kinderamafiveearlylearninggames|kinderama
kingmakerthequestforthecrown|kingmakerquestforthecrown
kingofchicago|kingofchicago
kingpinarcadesportsbowling|kingpin
kingsbounty|kingsbounty
kingsquestiiitoheirishuman|kingsquest3
kingsquestiiromancingthethrone|kingsquest2
kingsquestiquestforthecrown|kingsquestenhanced
kingsquestivtheperilsofrosella|kingsquest4
kingsquestquestforthecrown|kingsquest
kingsquestvabsencemakestheheartgoyonder|kingsquest5
kingsquestviheirtoday,gonetomorrow|kingsquest6
kirosquest|kirosquest
klax|klax
knightforce|knightforce
knightmare|knightmare
knightorc|knightorc
knightsofthecrystallion|knightsofthecrystallion
knightsofthesky|knightsofthesky
kristal|kristal
krustysfunhouse|krustyssuperfunhouse
kryptonegg|kryptonegg
kultthetempleofflyingsaucers|kult
kwasimodo|kwasimodo
kwatermaster|skautkwatermaster
kwiksnax|kwiksnax
labyrintheauxmillecalculs,le|labyrintheauxmillecalculs
labyrinthedanglomania2,le|labyrinthedanglomania2
labyrinthedanglomania|labyrinthedanglomania1
labyrinthedelareinedesombres,le|labyrinthedelareinedesombres
labyrinthedelexicos,le|labyrinthedelexicos
labyrinthederrare,le|labyrinthederrare
labyrinthedorthophus,le|labyrinthedorthophus
labyrinth|labyrinth
lamborghiniamericanchallenge|lamborghiniamericanchallenge
lancelot|lancelot
landsitzvonmortville,der|landsitzvonmortville
lasersquad|lasersquad
lastactionhero|lastactionhero
lastbattle|lastbattle
lastduel|lastduel
lastninja2backwithavengeance|lastninja2
lastninja3|lastninja3
lastsoldier|lastsoldier
leaderboardtournamentdisk1|leaderboardtournamentdisk1
leaderboard|leaderboard
leadinglap|leadinglapmpv
leander|leander
leatherneck|leatherneck
leavinteramis|leavinteramis
ledstorm|ledstorm
legacy|legacy
legendofdjel|legendofdjel
legendoffaerghail|legendoffaerghail
legendofkyrandiabookone|legendofkyrandia
legendofragnarok|legendofragnarok
legendofrobinhoodconquestsofthelongbow|conquestsofthelongbow
legendofthelost|legendofthelost
legendofthesword|legendofthesword
legendsofvalourvolume1thedawning|legendsofvalour
legendsofvalour|legendsofvalour
legends|legends
legend|legend
legion|legion
leisuresuitlarry1inthelandoftheloungelizards|leisuresuitlarryenhanced
leisuresuitlarry5passionatepattidoesalittleundercoverwork|leisuresuitlarry5
leisuresuitlarry5passionatepattimachtbeimgeheimdienstmit|leisuresuitlarry5
leisuresuitlarryiiipassionatepattiinpursuitofthepulsatingpectorals|leisuresuitlarry3
leisuresuitlarryiileisuresuitlarrygoeslookingforlove|leisuresuitlarry2
leisuresuitlarryinthelandoftheloungelizards|leisuresuitlarry
lemmings2thetribes|lemmings2
lemmings|lemmings
leonardo|leonardo
lesmanleyinsearchfortheking|lesmanleyinsearchfortheking
lethalweapon|lethalweapon
lethalxcesswingsofdeathii|lethalxcess
lethalzone|lethalzone
lettrix|lettrix
leviathan|leviathan
licencetokill|licencetokill
lifedeath|lifedeath
lightcorridor|lightcorridor
lightracer|lightracer
limesandnapoleon|limesnapoleon
lineoffire|lineoffire
linksthechallengeofgolfdatadisks|linksdatadisks
linksthechallengeofgolf|links
lionheart|lionheart
lionking|lionking
liquidkids|liquidkids
littlecomputerpeople|littlecomputerpeople
littlepuffindragonland|littlepuffindragonland
liveandletdie|liveandletdie
livingstoneii|livingstone2
llamatron2112|llamatron
locomotion|locomotion
logcal|logical
logo|logo
lollypop|lollypop
lombardracrally|lombardracrally
loom|loom
loopz|loopz
lordsofchaos|lordsofchaosdatadisk
lordsofdoom|lordsofdoom
lordsoftherealm|lordsoftherealm
lordsoftherisingsun|lordsoftherisingsun
lordsoftime|lordsoftime
lordsofwar|lordsofwar
lorna|lorna
lostdutchmanmine|lostdutchmanmine
lostinmine|lostinmine
lostpatrol|lostpatrol
lostvikings|lostvikings
lotharmatthausdieinteraktivefussballsimulation|lotharmatthausdieinteraktivefussballsimulation
lotusespritturbochallenge|lotus
lotusiiitheultimatechallenge|lotus3
lotusturbochallenge2|lotus2
lunarc|lunarc
lupoalberto|lupoalberto
lureofthetemptress|lureofthetemptress
luxor|luxor
m1tankplatoon|m1tankplatoon
mach3|mach3
madprofessormariarti|madprofessormariarti
madshow|madshow
madtv|madtv
mafdetandthebookofthedead|mafdetandthebookofthedead
magicboy|magicboy
magicfly|magicfly
magician|magician
magicjohnsonsbasketball|magicjohnsonsbasketball
magicjohnsonsfastbreak|magicjohnsonsfastbreak
magiclanddizzy|magiclanddizzy
magiclines|magiclines
magicmarble|magicmarble
magicpockets|magicpockets
magnatron|magnatron
majormotion|majormotion
manchesterunitedeurope|manchesterunitedeurope20
manchesterunitedeurope|manchesterunitedeurope21
manchesterunitedeurope|manchesterunitedeurope23
manchesterunitedpremierleaguechampions199495seasondatadisk|manchesterunitedplcdatadisks
manchesterunitedpremierleaguechampions|manchesterunitedplc
manchesterunitedthedouble|manchesterunitedthedouble
manchesterunited|manchesterunited
manfromthecouncil|manfromthecouncil
manhattandealers|manhattandealers
manhunter2sanfrancisco|manhunter2
manhunternewyork|manhunter
maniacmansion|maniacmansion
maniax|maniax
manicminer|manicminerv050121116lha
manix|manix
manoirdemortvielle,le|manoirdemortvielle
marblemadness|marblemadness
mariaschristmasbox|mariasxmasbox
marvinsmarvellousadventure|marvinsmarvellousadventure
masteraxethegenesisofmysterx|masteraxe
masterblaster|masterblaster
masterblazer|masterblazer
matchoftheday|matchoftheday
mathwizard|mathwizard
matrixmarauders|matrixmarauders
maupitiisland|maupitiisland
maxrally|maxrally
maya|maya
maydaysquadheroes|maydaysquadheroes
mcdonaldland|mcdonaldland
meanarenas|meanarenas
meanmachine|meanmachine
meanstreets|meanstreets
megaballv40|megaball
megalomania|megalomania
megamotion|megamotion
megaphoenix|megaphoenix
megatraveller1thezhodaniconspiracy|megatraveller1
megatwins|megatwins
megatyphoon|megatyphoon
menace|menace
mentalimagegamedisk1|mentalimage1
mentalimagegamedisk2|mentalimage2
mentor|mentor
mercenaryescapefromtarg+thesecondcity|mercenary
mercenaryiiithedioncrisis|mercenary3
mercs|mercs
mervthemerciless|mervthemerciless
metallaw|metallaw
metalmasters|metalmasters
metalmutant|metalmutant
metalwarrior|metalwarrior
mftanks|mftanks
miamichase|miamichase
mickey123lanniversairesurprise|mickey123anniversairesurprise
mickeyabcunejourneealafete|mickeyabcunejourneealafete
mickeyjeudememoire|mickeyjeudememoire
mickeymousethecomputergame|mickeymousethecomputergame
mickeys123sthebigsurpriseparty|mickeypuzzlesanimes
mickeysabcsadayatthefair|mickeysabcs
mickeysjigsawpuzzles|mickeysjigsawpuzzles
mickeysmemorychallenge|mickeysmemorychallenge
microbes|microbes
micromachines|micromachines
microproseformulaonegrandprix|formulaonegrandprix
microprosegolf|microprosegolf
microprosesoccer|microprosesoccer
midnightresistance|midnightresistance
midwinteriiflamesoffreedom|midwinter2
midwinter|midwinter
mig29fulcrum|mig29fulcrum
mig29msuperfulcrum|mig29msuperfulcrum
mig29sovietfighter|mig29sovietfighter
mightandmagiciigatestoanotherworld|mightmagic2
mightandmagiciiidieinselnvonterra|mightmagic3
mightandmagiciiiislesofterra|mightmagic3
mightybombjack|mightybombjack
mikereadscomputerpopquiz|mikereadscomputerpopquiz
mikromortaltennis|mikromortaltennis
milleniumreturntoearth|millenium
millennium22|millennium22
mindbender|mindbender
mindfighter|mindfighter
mindroll|mindroll
mindshadow|mindshadow
mindwalker|mindwalker
minigolfplus|minigolfplus
minigolf|minigolf
minskiesfurballs|minskies
minskiestheabduction|minskies
misjaharoldazaginionywsystemie|misjaharolda
missilesoverxerion|missilesoverxerion
missionelevator|missionelevator
moebiustheorbofcelestialharmony|moebius
monkeyisland2lechucksrevenge|monkeyisland2
monsterbusiness|monsterbusiness
montypythonsflyingcircus|montypythonsflyingcircus
moochies|moochies
moonblaster|moonblaster
moonfall|moonfall
moonshineracers|moonshineracers
moonstoneaharddaysknight|moonstone
moonwalker|moonwalker
morph|morph
mortalkombatii|mortalkombat2
mortalkombat|mortalkombat
mortonstrikesback|mortonstrikesback
mortvillemanor|mortvillemanor
motoerhead|motorhead
motorbikemadness|motorbikemadness
motormassacre|motormassacre
mot|mot
mousequest|mousequest
mousetrap|mousetrap
mrblobby|mrblobby
mrdorunrun|mrdorunrun
mrheli|mrheli
mrnutzhoppinmad|mrnutz
mudsmeanuglydirtysport|muds
multiplayersoccermanager|multiplayersoccermanager
munsters|munsters
murdersinspace|murdersinspace
murder|murder
mysteriousworlds|mysteriousworlds
mysteryofthemummy|mysteryofthemummy
mystical|mystical
mythhistoryinthemaking|myth
myth|myth
nam19651975|nam19651975
narcopolice|narcopolice
narc|narc
nathannever|nathannever
naughtyones|naughtyones
navymoves|navymoves
navyseals|navyseals
nebulus2pogoagogo|nebulus2
nebulus|nebulus
necronom|necronom
neighbours|neighbours
netherworld|netherworld
neuromancer|neuromancer
neuronics|neuronics
neverendingstoryiithearcadegame|neverendingstory2
nevermind|nevermind
newyearlemmings199192|lemmingsnewyear9192
newyorkwarriors|newyorkwarriors
newzealandstory|newzealandstory
nibbynibble|nibbynibble
nickfaldoschampionshipgolf|nickfaldoschampionshipgolf
nickyboom|nickyboom
nickyii|nicky2
nigelmansellsgrandprix|nigelmansellsgrandprix
nigelmansellsworldchampionship|nigelmansellsworldchampionship
nightbreedtheactiongame|nightbreedaction
nightbreedtheinteractivemovie|nightbreedmovie
nightdawn|nightdawn
nighthawkf117astealthfighter20|f117anighthawk
nighthunter|nighthunter
nightshift|nightshift
nildieuvivant|nildieuvivant
ninjamission|ninjamission
ninjarabbits|ninjarabbits
ninjaremix|ninjaremix
ninjaspirit|ninjaspirit
ninjawarriors|ninjawarriors
nipponsafesinc|nipponsafesinc
nitroboostchallenge|nitroboostchallenge
nitro|nitro
nobbytheaardvark|nobbytheaardvark
nobuddiesland|nobuddiesland
noexcuses|noexcusesv080112456lha
noexit|noexit
northseainferno|northseainferno
northsouth|northandsouth
nosecondprize|nosecondprize
notveryfestivefodder|notveryfestivefodder
nova9thereturnofgirdraxon|nova9
nuclearwar|nuclearwar
nucleus|nucleus
oath|oath
obitus|obitus
obliterator|obliterator
oblivion|oblivion
obsession|obsession
odyssey|odyssey
offshorewarrior|offshorewarrior
ogre|ogre
og|og
ohnomorelemmings|ohnomorelemmings
oilimperium|oilimperium
oktagon|oktagon
omega|omega
omnicronconspiracy|omnicronconspiracy
oneonone|oneonone
onestepbeyond|onestepbeyond
onetoonematch|onetoonematch
onsafari|safariguns
onslaught|onslaught
ooopsup|ooopsup
oozealsdiegeistermuerbewurden|ooze
oozecreepynites|ooze
operationcleanstreets|operationcleanstreets
operationcombatiibyland,seaandair|operationcombat2
operationfirestorm|operationfirestorm
operationharrier|operationharrier
operationjupiter|operationjupiter
operationneptune|operationneptune
operationstealth|operationstealth
operationthunderbolt|operationthunderbolt
operationwolf|operationwolf
orbitaldestroyer|orbitaldestroyer
orientalgames|orientalgames
orkattackthereturn|orkattackthereturn
ork|ork
oscar|oscar
oswaldoftheicefloes|oswaldoftheicefloes
outofthisworld|outofthisworld
outruneuropa|outruneuropa
outrun|outrun
outzone|outzone
overdrive|overdrive
overkill|overkill
overlander|overlander
overlord|overlord
overthenet|overthenet
oxxonian|oxxonian
p47thunderbolt|p47thunderbolt
pacificislands|pacificislands
pacland|pacland
pacman87|pacman87
pacmania|pacmania
paladinii|paladin2
paladin|paladin
pandora|pandora
pango|pango
pang|pang
panzakickboxing|panzakickboxing
paperboy2|paperboy2
paperboy|paperboy
paradiselost|paradiselost
paradroid90|paradroid90v040111mb0692lha
paradroid90|paradroid90v04011512kb0692lha
paraglidingsimulation|paraglidingsimulation
paramax|paramax
paranoiacomplex|paranoiacomplex
parasolstarsrainbowislands2|parasolstars
passingshot|passingshot
patrician|patrician
patrizier,der|patrizier
pawn|pawn
pegasus|pegasus
penthousehotnumbersdeluxe|penthousehotnumbersdeluxe
penthousehotnumbers|penthousehotnumbers
perihelion|perihelion
persiangulfinferno|persiangulfinferno
personalnightmare|personalnightmare
peterbeardsleysinternationalfootball|peterbeardsleysinternationalfootball
peterschmeichelsoccer|peterschmeichelsoccer
pgaeuropeantour|pgaeuropeantour
pgatourgolftournamentcoursedisk|pgatourgolftournamentcoursedisk
pgatourgolf|pgatourgolf
phalanx|phalanx
phantasieiiithewrathofnikademus|phantasie3
phantasie|phantasie
phantomfighter|phantomfighter
pharaohscurse|pharaohscurse
pharaohsmatch|pharaohsmatch
phobia|phobia
photonstorm|photonstorm
picknpile|picknpile
pierrelechefisouttolunch|pierrelechefisouttolunch
pinballdreams|pinballdreams
pinballfantasies|pinballfantasies
pinballhazard|pinballhazard
pinballillusions|pinballillusions
pinballmagic|pinballmagic
pinballmania|pinballmania
pinballprelude|pinballprelude
pinballwizard|pinballwizard
pinkie|pinkie
pinkpanther|pinkpanther
pinomania|pinomania
pipedream|pipedream
pipeline|pipeline
pipemania|pipemania
piratesgold|piratesgold
pirates|pirates
pitfighter|pitfighter
pixiedixiefeaturingmrjinks|pixiedixie
pizzaconnection|pizzaconnection
plague|plague
plan9fromouterspace|plan9fromouterspace
platoon|platoon
playermanager2extrathechaseforglory|playermanager2extra
playermanager2|playermanager2
playermanager|playermanager
playroomlachambredepeppy|playroom
plotting|plotting
plutos|plutos
pod|pod
pokernightsteresapersonally|pokernights
policequest2thevengeance|policequest2
policequest3thekindred|policequest3
policequestinpursuitofthedeathangel|policequest
pong|pong
pool|pool
popeye2|popeye2
popeye|realpopeye
populous+|populousdatadisks
populousiithechallengegames|populous2challengegames
populousiitrialsoftheolympiangods|populous2
populousworldeditor|populousworldeditor
populous|populous
portal|portal
portesdutemps,les|portesdutemps
portsofcall|portsofcall
postmanpat|postmanpat
powerdrift|powerdrift
powerdrive|powerdrive
powerdrome|powerdrome
powermongerww1edition|powermongerww1edition
powermonger|powermonger
powerpinball|powerpinball
powerplaydasspieldergötter|powerplay
powerplayeljuegodelosdioses|powerplay
powerplaylejeudesdieux|powerplay
powerplaythegameofthegods|powerplay
powerstyx|powerstyx
power|power
pow|pow
pphammerandhispneumaticweapon|pphammer
prawokrwi|prawokrwi
predator2|predator2
predator|predator
prehistorictale|prehistorictale
prehistorik|prehistorik
premiere|premiere
premiermanager2thenewseason|premiermanager2
premiermanager3deluxe|premiermanager3deluxe
premiermanager3|premiermanager3
premiermanager|premiermanager
primalrage|primalrage
primemover|primemover
princeofpersia|princedeperse
princeofpersia|princeofpersia
prince|prince
prison|prison
proboxingsimulator|proboxingsimulator
profezia|profezia
projectxspecialedition93|projectxse
projectxspecialedition|projectxse
projectx|projectx
projectx|projectxbonuslevel
projectx|projectxv2
projectyle|projectyle
prophecyithevikingchild|prophecy1vikingchild
propowerboatsimulator|propowerboatsimulator
prosoccer2190|prosoccer2190
prospectorinthemazesofxor|prospectorinthemazesofxor
protennissimulator|protennissimulator
protennistour2|protennistour2
protennistour|protennistour
psyborg|psyborg
psychokiller|psychokiller
psychosanta|psychosanta
pubtriviasimulator|pubtriviasimulator
puffyssaga|puffyssaga
puggsy|puggsy
purplesaturnday|purplesaturnday
pushover|pushover
puttysquad|puttysquad
putty|putty
puzznic|puzznic
pyramax|pyramax
qbic|qbic
qix|qix
quadralien|quadralien
quadrel|quadrel
quartz|quartz
questforgloryiitrialbyfire|questforglory2
questforthetimebird|questforthetimebird
questionofsport|questionofsport
questofagravain|questofagravain
questronii|questron2
quetedeloiseaudutemps,la|quetedeloiseaudutemp
quiksilverpinballsimulator|quicksilverpinball
quikthethunderrabbit|quikthethunderrabbit
qwak|qwak
racedrivin|racedrivin
rackneysisland|rackneysisland
racter|racter
raffles|raffles
ragev20|ragev2
rage|ragev1
raiders|raiders
raider|raider
railroadtycoon|railroadtycoon
rainbowislands|rainbowislands
rainbowwarrior|rainbowwarrior
rallychampionships|rallychampionships
rallycrosschallenge|rallycrosschallenge
ramboiii|rambo3
rampage|rampage
rampart|rampart
ranx|ranx
rattrap|rattrap
ra|curseofra
rbitwobaseball|rbi2baseball
readrhyme|readrhyme
realghostbusters|realghostbusters
realmsofarkaniabladeofdestiny|realmsofarkania
realms|realms
rebellion|rebellion
redbaron|redbaron
redheat|redheat
redlightning|redlightning
redstormrising|redstormrising
redzone|redzone
reflexitypinballchallenge|reflexity
renaissance|renaissance
renegadeiii|renegade3
renegades|renegades
renegade|renegade
resolution101|resolution101
returntoatlantis|returntoatlantis
returntogenesis|returntogenesis
reunion|reunion
revelation|revelation
revengeofdefender|revengeofdefender
revengeofthemutantcamelsii|revengeofthemutantcamels2
revengeofthemutantcamels|revengeofthemutantcamels
rickdangerous2|rickdangerous2
rickdangerous2½|rickdangerous25
rickdangerous|rickdangerous
ringside|ringside
ringsofmedusagold|ringsofmedusagold
ringsofmedusa|ringsofmedusa
riseofthedragon|riseofthedragon
riseoftherobots|riseoftherobots
risktheworldconquestgame|risk
riskywoods|riskywoods
roadblasters|roadblasters
roadkill|roadkill
roadrash|roadrash
roadwareuropa|roadwareuropa
roadwars|roadwars
robbeary|robbeary
robinhoodlegendquest|robinhoodlegendquest
robinsonsrequiem|robinsonsrequiem
robocop2|robocop2
robocop3d|robocop3
robocop3|robocop3
robocop|robocop
robosport|robosport
roboter|roboter
robotnic|robotnic
robotreadersaesopsfables|robotreaderaesopsfables
robotreaderschickenlittle|robotreaderchickenlittle
robozone|robozone
rockchallenge|rockchallenge
rocketranger|rocketranger
rockford|rockford
rocknroll|rocknroll
rockstaratemyhamster|rockstaratemyhamsterv08011lha
rockstarnevertrustrottentangerines|rockstarnevertrustrottentangerines
rockstar|rockstar
rodland|rodland
rodyetmasticoiii|rodymastico3
rodyetmasticoii|rodymastico2
rodyetmastico|rodymastico
rodynoël|rodymastico4rodynoel
rodyundmastico|rodymastico
rodyvi|rodymastico6
rodyv|rodymastico5
roguetheadventuregame|rogue
roguetrooper|roguetrooper
roketz|roketz
rollercoasterrumbler|rollercoasterrumbler
rollingronny|rollingronny
rollordie|rollordie
romead92thepathwaytopower|romead92
rotor|rotor
rotox|rotox
roundthebend|roundthebend
rtypeii|rtype2
rtype|rtype
rubicon|rubicon
ruffandreddyinthespaceadventure|ruffreddyinthespaceadventure
ruffian|ruffian
ruffntumble|ruffntumble
rugbytheworldcup|rugbytheworldcup
runningman|runningman
runthegauntlet|runthegauntlet
rushhour|rushhour
rvfhonda|rvfhonda
rygarthelegendarywarrior|rygar
rüsselsheim|ruesselsheim
sabreteam|sabreteam
safariguns|safariguns
saintandgreavsie|saintgreavsie
saintdragon|saintdragon
salmonpinkmax|salmonpinkmax
sanctuary|sanctuary
santasxmascaper|santasxmascaper
sarakon|sarakon
sarcophaser|sarcophaser
sascombatsimulator|sascombatsimulator
satan|satan
savage|savage
scapeghost|scapeghost
schwarzeauge,dasdieschicksalsklinge|schwarzeauge
scoobydooandscrappydoo|scoobydooscrappydoo
scorpion|scorpion
scorpio|scorpio
scrabble|scrabble
scramblespirits|scramblespirits
scrollingwalls|scrollingwalls
sdi|sdi
secondsamurai|secondsamurai
secondsout|secondsout
secretofmonkeyisland|secretofmonkeyisland
seekdestroy|seekdestroy
seelenturm,der|seelenturm
sensiblegolf|sensiblegolf
sensiblesoccerenglandvsgermany|sensiblesoccerbulldogblighty
sensiblesoccereuropeanchampions92|sensiblesoccer9293
sensiblesoccereuropeanchampions|sensiblesoccereuropeanchampions
sensiblesoccerinternationaleditionworldchampions|sensiblesoccerinternationaledition
sensiblesoccer|sensiblesoccer
sensibletrainspotting|sensibletrainspotting
sensibleworldofsoccer16|sensibleworldofsoccer1617
sensibleworldofsoccer9596europeanchampionshipedition|sensibleworldofsoccer9596europeanchampions
sensibleworldofsoccer9596|sensibleworldofsoccer9596
sensibleworldofsoccer9697|sensibleworldofsoccer9697
sensibleworldofsoccer9798|sensibleworldofsoccer9798
sensibleworldofsoccerworldcup98|sensibleworldofsoccerworldcup98
sensibleworldofsoccer|sensibleworldofsoccer
sensibleworldofsoccer|sensibleworldofsoccer11
sentinel|sentinel
settlers|settlers
sevencitiesofgold|sevencitiesofgold
sevengatesofjambala|sevengatesofjambala
sextimates|sextimates
seymourgoestohollywood|seymourgoestohollywood
shadowdancer|shadowdancer
shadowfighter|shadowfighter
shadowgate|shadowgate
shadowlands|shadowlands
shadowofthebeastiii|shadowofthebeast3
shadowofthebeastii|shadowofthebeast2
shadowofthebeast|shadowofthebeast
shadoworlds|shadoworlds
shadowsorcerer|shadowsorcerer
shadowwarriors|shadowwarriors
shanghai|shanghai
shaqfu|shaqfu
sharkeysmoll|sharkeysmoll
shefox|shefox
shermanm4|shermanm4
shinobi|shinobi
shockwave|shockwave
shortgrey|shortgrey
shufflepuckcafe|shufflepuckcafe
shuffle|shuffle
shuttlethespaceflightsimulator|shuttle
sidearms|sidearms
sideshow|sideshow
sidewinderii|sidewinder2
sidewinder|sidewinder
siedler,die|siedler
sierrasoccerworldchallengeedition|sierrasoccer
silentserviceii|silentservice2
silentservicethesubmarinesimulation|silentservice
silicondreams|silicondreams
silkworm|silkworm
sillyputty|sillyputty
simant|simant
simcity|simcity
simearththelivingplanet|simearth
simlife|simlife
simonthesorcerer|simonthesorcerer
simpsonsbartvsthespacemutants|bartvsthespacemutants
simpsonsbartvstheworld|bartvstheworld
simulcra|simulcra
sinbadandthethroneofthefalcon|sinbad
sinkorswim|sinkorswim
sirfred|sirfredthelegend
sixiang|sixiang
skaermtroldenhugo|skaermtroldenhugo
skateoftheart|skateoftheart
skeetshoot|skeetshoot
skeletonkrew|skeletonkrew
skidmarks|skidmarks
skidz|skidz
skiordie|skiordie
skrullthebarbarian|skrull
skullcrossbones|skullcrossbones
skweek|skweek
skychase|skychase
skyfoxiithecygnusconflict|skyfox2
skyfox|skyfox
skyhighstuntman|skyhighstuntman
slackskinflint|slackskinflint
slamtilt|slamtilt
slayer|slayer
sleepinggodslie|sleepinggodslie
sleepwalker|sleepwalker
sliders|sliders
slightlymagic|slightlymagic
slipstream|slipstream
slyspysecretagent|slyspysecretagent
smashtv|smashtv
snapperazzithealienwhoinvadesyourspace|snapperazzi
sneech|sneech
snoopythecoolcomputergame|snoopypeanuts
snowbros|snowbros
snowstrike|snowstrike
soccerkid|soccerkid
soccerpinball|soccerpinball
soccersuperstars|soccersuperstars
soldier2000|soldier2000
soldieroflight|soldieroflight
solidgold|solidgold
solomonskey2|solomonskey2
sonicboom|sonicboom
sonshushi|sonshushi
sootyandsweep|sootysweep
sootysfunwithnumbers|sootysfunwithnumbers
sophelie|sophelie
sorcererlord|sorcererlord
sorcerorsapprentice|sorcerersapprentice
sorceryplus|sorceryplus
sorefist|sorefist
spaceaceiiborfsrevenge|spaceace2
spaceace|spaceace
spaceassault|spaceassault
spaceball|spaceball
spacecrusadethevoyagebeyond|spacecrusadethevoyagebeyond
spacecrusade|spacecrusade
spacecutter|spacecutter
spacegun|spacegun
spaceharrier+spaceharrierreturntothefantasyzone|spaceharrierreturntofantasyzone
spaceharrierii|spaceharrier2
spaceharrier|spaceharrier
spacehulk|spacehulk
spacemax|spacemax
spacepilot89|spacepilot89
spaceport|spaceport
spacequest1rogerwilcointhesarienencounter|spacequestenhanced
spacequestchapter1thesarienencounter|spacequest
spacequestiiithepiratesofpestulon|spacequest3
spacequestiivohaulsrevenge|spacequest2
spacequestivrogerwilcoandthetimerippers|spacequest4
spaceracer|spaceracer
spaceranger|spaceranger
spacerogue|spacerogue
spacestation|spacestation
spacewrecked14billionlightyearsfromearth|spacewrecked
specialforces|specialforces
speedball2brutaldeluxe|speedball2
speedball|speedball
speedboatassassins|speedboatassassins
speedbuggy|speedbuggy
spellbounddizzy|spellbounddizzy
spellbound|spellbound
spellfirethesorcerer|spellfirethesorcerer
sperislegacy|sperislegacy
sphericalworlds|sphericalworlds
spherical|spherical
spikeintransylvania|spikeintransylvania
spindizzyworlds|spindizzyworlds
spiritofadventure|spiritofadventure
spiritofexcalibur|spiritofexcalibur
spittingimage|spittingimage
sporttimetablehockey|tablehockey
spotthecomputergame|spot
spot|spot
spyvsspyiiiarcticantics|spyvsspy3arcticantics
spyvsspyiitheislandcaper|spyvsspy2theislandcaper
spyvsspy|spyvsspy
spywholovedme|spywholovedme
sqrxz|sqrxz
stackup|stackup
starbirds|starbirds
starblade|starblade
starblaze|starblaze
starcommand|starcommand
starcontrol|starcontrol
starcrusader|starcrusader
stardust|stardust
starflight|starflight
starglider2|starglider2
starglider|starglider
stargoose|stargoose
starians|starians
starlord|starlord
starray|starray
startrash|startrash
startrek25thanniversary|startrek25thanniversary
starush|starush
starwarsreturnofthejedi|returnofthejedi
starwarstheempirestrikesback|empirestrikesback
starwars|starwars
steelempire|steelempire
steel|steel
stegtheslug|stegtheslug
steigar|steigar
stellar7|stellar7
stircrazyfeaturingbobo|stircrazyfeaturingbobo
stoneage|stoneage
stormball|stormball
stormlord|stormlord
stormmaster|stormmaster
stratego|stratego
streetfighteriitheworldwarrior|streetfighter2
streetfighter|streetfighter
streetgang|streetgang
streetracer|streetracer
streetrod2|streetrod2
streetrod|streetrod
streetsportsbasketball|streetsportsbasketball
striderii|strider2
strider|strider
strikeaces|strikeaces
strikefleet|strikefleet
striker|striker
strippokerasizzlinggameofchance|strippoker
strippokerii+datadisk#1beverleydawn|strippoker2+datadisk1
strippokerii+|strippoker2+
strippokerii|strippoker2
strippot|strippot
stryx|stryx
stunrunner|stunrunner
stuntcarracertnt|stuntcarracertnt
stuntcarracer|stuntcarracer
stunttrackracer|stunttrackracer
subbattlesimulator|subbattlesimulator
subbuteothecomputergame|subbuteo
subtradereturntoirata|subtrade
suburbancommando|suburbancommando
subwar2050|subwar2050
summercamp|summercamp
summerchallenge|summerchallenge
summergamesii|summergames2
summergamessummergamesii|summergamessummergames2
summergames|summergames
summerolympiad|summerolympiad
supaplex|supaplex
supercarsii|supercars2
supercars|supercars
supercauldron|supercauldron
superc|superc
superfrog|superfrog
supergrandprix|supergrandprix
supergridrunner|supergridrunner
superhangon|superhangon
superloopz|superloopz
supermanthemanofsteel|superman
supermethanebros|supermethanebros
supermonacogp|supermonacogp
superobliteration|superobliteration
superoswald|superoswald
superputty|superputty
superscramblesimulator|superscramblesimulator
superseymoursavestheplanet|superseymoursavestheplanet
superskidmarks|superskidmarks
superskiii|superski2v05011lha
superski|superski
superskweek|superskweek
superspaceinvaders|superspaceinvaders
superstardust|superstardust
superstreetfighteriithenewchallengers|superstreetfighter2
superstreetfighteriithenewchallengers|superstreetfighter2dx
superstreetfighteriiturbo|superstreetfighter2turbo
supertennischampsdatadisks|supertennischampsdatadisks
supertennischamps|supertennischamps
supertetris|supertetris
supertwintris|supertwintris
superwonderboywonderboyinmonsterland|wonderboyinmonsterland
supremacy|supremacy
surfninjas|surfninjas
suspiciouscargospecialedition|suspiciouscargo
swap|swap
switchbladeii|switchblade2
switchblade|switchblade
swiv|swiv
swooper|swooper
swordandtherose|swordtherose
swordofaragon|swordofaragon
swordofhonour|swordofhonour
swordofsodan|swordofsodan
swordsgalleons|swordsgalleons
swordsoftwilight|swordsoftwilight
sword|sword
syndicateamericanrevoltmissiondisk|syndicateamericanrevolt
syndicate|syndicate
taekwondo|taekwondo
takeemout|takeemout
tanglewood|tanglewood
tangram|tangram
targhan|targhan
tasstimesintonetown|tasstimesintonetown
tbird|tbird
teamsuzuki|teamsuzuki
teamyankee|teamyankee
tearawaythomas|tearawaythomas
technocop|technocop
technology2|technology2
tech|tech
tecnoball|tecnoball
teenagemutantheroturtlesthecoinop|teenagemutantheroturtlescoinop
teenagemutantheroturtles|teenagemutantheroturtles
teenagemutantninjaturtles|teenagemutantninjaturtles
teenagequeen|teenagequeen
teller|teller
templeofapshaitrilogy|templeofapshaitrilogy
templossagrados,los|lostemplossagrados
tennischamps|tennischamps
tenniscupii|tenniscup2
tenniscup|tenniscup
tenpinbowling|tenpinbowling
terminator2judgmentday|terminator2judgmentday
terminator2thearcadegame|terminator2arcade
terramex|terramex
terrorpods|terrorpods
terrysbigadventure|terrysbigadventure
testdriveiidatadisks|testdrive2datadisks
testdriveiitheduel|testdrive2
testdrive|testdrive
tetraquest|tetraquest
tetrispro|tetrispro
tetris|tetris
tetrixthenextgeneration|tetrix
theatreofdeath|theatreofdeath
theirfinesthourthebattleofbritain|theirfinesthour
theirfinesthourtheirfinestmissionsvolume1|theirfinesthourmissions
themeparkmystery|themeparkmystery
themepark|themepark
thexder|thexder
thirdcourier|thirdcourier
thomasthetankengine2|thomasthetankengine2
thomasthetankenginefriendspinball|thomasthetankenginepinball
thomasthetankengine|thomasthetankengine
threestooges|threestooges
thunderbirds|thunderbirds
thunderblade|thunderblade
thunderboy|thunderboy
thunderburner|thunderburner
thundercats|thundercats
thunderhawkah73m|thunderhawkah73m
thunderjaws|thunderjaws
thunderstrike|thunderstrike
tiebreak|tiebreak
tigerroad|tigerroad
timeandmagik|timeandmagik
timebandit|timebandit
timelock|timelock
timemachine|timemachine
timerace|timerace
timerunners01gatewaysintime|timerunners01
timerunners01gatewaysintime|timerunnersseries
timerunners02thespacestone|timerunners02
timerunners03thebigrun|timerunners03
timerunners04thecastleoffear|timerunners04
timerunners05theblackknight|timerunners05
timerunners06thebewitchedforest|timerunners06
timerunners07inthelandoftheinvaders|timerunners07
timerunners08theimpregnablefortress|timerunners08
timerunners09thetimedemon|timerunners09
timerunners10thetimesentry|timerunners10
timerunners11thesteelcity|timerunners11
timerunners12atargetforthecyborg|timerunners12
timerunners13cyberkiller|timerunners13
timerunners14toraxidwarstar|timerunners14
timerunners15atthespeedoflight|timerunners15
timerunners16thegalaxyemperor|timerunners16
timerunners17thelivinglabyrinth|timerunners17
timerunners18thekillershadow|timerunners18
timerunners19thenightmareprince|timerunners19
timerunners20themountainsofdeath|timerunners20
timerunners21theblackdragonscourse|timerunners21
timerunners22theeternaldamned|timerunners22
timerunners23thetimemonarch|timerunners23
timerunners24beyondalldimensions|timerunners24
timerunners25thelostplanetearth|timerunners25
timerunners26thetimewarrior|timerunners26
timerunners27rednight|timerunners27
timerunners28beyondtheend|timerunners28
timerunners29thelastrevelation|timerunners29
timerunners30thefinalduel|timerunners30
timescanner|timescanner
timesoflore|timesoflore
timesoldier|timesoldier
time|time
tintinonthemoon|tintinonthemoon
tintoyadventure|tintoyadventure
tinyskweeks|tinyskweeks
tinytroops|tinytroops
tipoff|tipoff
titanicblinky|titanicblinky
titan|titan
titusthefoxtomarrakechandback|titusthefox
toki|toki
tomandtheghost|tomandtheghost
tomlandrystrategyfootballdeluxeedition|tomlandrystrategyfootballdeluxe
tomlandrystrategyfootball|tomlandrystrategyfootball
tommygun|tommygun
tonyandfriendsinkelloggsland|tonyfriendsinkelloggsland
toobin|toobin
topbanana|topbanana
topcatstarringinbeverlyhillscats|topcat
topgear2|topgear2
topsecret|topsecret
tornadogroundattack|tornadogroundattack
tornado|tornado
torvakthewarrior|torvakthewarrior
totalcarnage|totalcarnage
totaleclipse|totaleclipse
totalfootball|totalfootball
totalrecall|totalrecall
tournamentgolf|tournamentgolf
towerofbabel|towerofbabel
towerofsouls|towerofsouls
towertoppler|towertoppler
townwithnoname|townwithnoname
toyottes|toyottes
tracer|tracer
tracker|tracker
traders|traders
trainedassassin|trainedassassin
transarctica|transarctica
transplant|transplant
transworld|transworld
trapsntreasures|trapsntreasures
treasureislanddizzy|treasureislanddizzy
treasuretrap|treasuretrap
trexwarrior22ndcenturygladiator|trexwarrior
triango|triango
trickyquikygamesdiesuchenachdenverschollenenseiten|trickyquikygames
triplex|triplex
trivialpursuitanewbeginning|trivialpursuitanewbeginning
trivialpursuitthecomputergamegenusedition|trivialpursuit
troddlers|troddlers
trog|trog
trolls|trolls
tubewarriors|tubewarriors
tubularworlds|tubularworlds
turbocupchallenge|turbocup
turbocup|turbocup
turbooutrun|turbooutrun
turborakettiii|turboraketti2
turbotrax|turbotrax
turbo|turbo
turnnburn|turnnburn
turrican3|turrican3
turricaniithefinalfight|turrican2
turrican|turrican
turtletabletennissimulation|tabletennissimulation
tusker|tusker
tvsportsbaseball|tvsportsbaseball
tvsportsbasketball|tvsportsbasketball
tvsportsboxing|tvsportsboxing
tvsportsfootball|tvsportsfootball
twintris|twintris
twinturbos|twinturbos
twinworld|twinworld
twylyte|twylyte
typhoonthompsoninsearchfortheseachild|typhoonthompson
typhoon|typhoon
ufoenemyunknown|ufoenemyunknown
ugh|ugh
ultimaiiiexodus|ultima3
ultimaivquestoftheavatar|ultima4
ultimatebodyblows|ultimatebodyblows
ultimategolf|ultimategolf
ultimatepinballquest|ultimatepinballquest
ultimateride|ultimateride
ultimatextremeracing|ultimatextremeracing
ultimavithefalseprophet|ultima6
ultimavwarriorsofdestiny|ultima5
umsiinationsatwar|ums2nationsatwar
umstheuniversalmilitarysimulator|universalmilitarysimulator
underpressure|underpressure
uninvited|uninvited
universalmonsters|universalmonsters
universalwarrior|universalwarrior
universe3|universe
universe3|universe3
universe|universe
unreal|unreal
unsensiblesoccer|unsensiblesoccer
unsquadron|unsquadron
untouchables|untouchables
upscope|upscope
uridium2|uridium2v080111mb1526lha
uridium2|uridium2v080112mb1526lha
ussjohnyoung|ussjohnyoung
utopiathecreationofanation|utopia
utopiathenewworlds|utopianewworlds
vader|vader
valhallaandthelordofinfinity|valhallalordofinfinity
valhallabeforethewar|valhallabeforethewar
vampiresempire|vampiresempire
vaxine|vaxine
vectorball|vectorball
vegasgambler|vegasgambler
vengeanceofexcalibur|vengeanceofexcalibur
venustheflytrap|venustheflytrap
vermeer|vermeer
verteidigerderkroneii|verteidigerderkrone2
viajealcentrodelatierra|viajealcentrodelatierra
victoryroadthepathwaytofear|victoryroad
videokid|videokid
vigilante|vigilante
vindicators|vindicators
violator|violator
virocop|virocop
virtualkartingii|virtualkarting2
virtualkarting|virtualkarting
virus|virus
vitallight|vitallight
vixen|vixen
vizthegame|viz
volfied|volfied
voodoonightmare|voodoonightmare
voyager|voyager
voyagesofdiscovery|voyagesofdiscovery
voyageursdutemps,leslamenace|voyageursdutemps
vroomdatadisk|vroomdatadisk
vroommultiplayer|vroommultiplayer
vroom|vroom
vyper|vyper
vyrus|vyrus
wackydarts|wackydarts
wackyraces|wackyraces
wacuśthedetective|wacusthedetective
walker|walker
wall|wall
wanderer3d|wanderer3d
wanted|wanted
warhead|warhead
warinmiddleearth|warinmiddleearth
warinthegulf|warinthegulf
warlocksquest|warlocksquest
warlocktheavenger|warlocktheavenger
warlords|warlords
warmachine|warmachine
warmup|warmup
warp|warp
warzone|warzone
watchtower|watchtower
waterloo|waterloo
waxworks|waxworks
waynegretzkyhockey2|waynegretzkyhockey2
waynegretzkyhockey|waynegretzkyhockey
wayofthelittledragon|wayofthelittledragon
webofterror|webofterror
weentheprophecy|weentheprophecy
weirddreams|weirddreams
welltris|welltris
wembleyinternationalsoccer|wembleyinternationalsoccer
wembleyrugbyleague|wembleyrugbyleague
wernerflaschbier|flaschbier
westerngames|westerngames
westphaser|westphaser
wheelsonfire|wheelsonfire
whereineuropeiscarmensandiego|whereineuropeiscarmensandiego
whereintheusaiscarmensandiego|whereintheusaiscarmensandiego
whereintheworldiscarmensandiego|whereintheworldiscarmensandiego
wheretimestoodstill|wheretimestoodstill
whirligig|whirligig
whitedeath|whitedeath
whizz|whizz
whoframedrogerrabbit|whoframedrogerrabbit
wibbleworldgiddywibblemania|wibbleworldgiddy
wicked|wicked
wildcupsoccer|wildcupsoccer
wildstreets|wildstreets
wildwestworld|wildwestworld
wildwheels|wildwheels
willharveyszanygolf|zanygolf
windowwizard|windowwizard
windsurfwilly|windsurfwilly
windwalker|windwalker
wingcommander|wingcommander
wingsofdeath|wingsofdeath
wingsoffury|wingsoffury
wings|wings
winniethepoohinthehundredacrewood|winniethepooh
winningpost|winningpost
wintercamp|wintercamp
winterchallengeworldclasscompetition|winterchallenge
wintergames|wintergames
winterolympiad88|winterolympiad88
winterolympics|winterolympics
wintersupersports92|wintersupersports92
winzer|winzer
wisielec|wisielec
wizardrybaneofthecosmicforge|wizardy6baneofthecosmicforge
wizball|wizball
wizkid|wizkid
wiznliz|wiznliz
wolfchild|wolfchild
wolfpack|wolfpack
wonderdog|wonderdog
wonderland|wonderland
woodysworld|woodysworld
worldchampionshipboxingmanager|worldchampionshipboxingmanager
worldchampionshipsoccer|worldchampionshipsoccer
worldclassleaderboarddatadisks|worldclassleaderboarddatadisks
worldclassleaderboard|worldclassleaderboard
worldclassrugby95|worldclassrugby95
worldclassrugbyfivenationsedition|worldclassrugby5nationsedition
worldclassrugby|worldclassrugby
worldclasssoccer|worldclasssoccer
worldcricket|worldcircuit
worldcricket|worldcricket
worldcup90|worldcup90
worlddarts|worlddarts
worldgames|worldgames
worldrugby|worldrugby
worldsoccer|worldsoccer
worldsoflegendsonoftheempire|worldsoflegend
worldtourgolf|worldtourgolf
worldtrophysoccer|worldtrophysoccer
wormsigns|wormsigns
wormsthedirectorscut|wormsdirectorscut
worms|worms
wpotrzasku|wpotrzasku
wrathofthedemon|wrathofthedemon
wreckers|wreckers
wwfeuropeanrampagetour|wwfeuropeanrampagetour
wwfwrestlemania|wwfwrestlemania
xenex|xenex
xenomorph|xenomorph
xenon2megablast|xenon2
xenon|xenon
xenophobe|xenophobe
xiphos|xiphos
xit|xit
xmaslemmings|lemmingsxmasdemo1991
xmaslemmings|lemmingsxmasdemo1992
xout|xout
xp8|xp8
xr35fightermission|xr35
xtremeracingdatadisks|xtremeracingdatadisks
xtremeracing|xtremeracing
xybots|xybots
yogibearfriendsinthegreedmonster|yogibearfriends
yogisbigcleanup|yogisbigcleanup
yogisgreatescape|yogisgreatescape
yojoe|yojoe
yolanda|yolanda
zakmckrackenandthealienmindbenders|zakmckracken
zarathrusta|zarathrusta
zaxxon|zaxxon
zażelaznąbramą|zazelaznabrama
zeewolf2wildjustice|zeewolf2
zeewolf|zeewolf
zerogravity|zerogravity
ziriax|ziriax
zombieapocalypseii|zombieapocalypse2
zombieapocalypse|zombieapocalypse
zombi|zombi
zonewarrior|zonewarrior
zool2|zool2
zoolninjaofthenthdimension|zool
zoom|zoom
zout|zout
zyconix|zyconix
zynaps|zynaps
